{"stats":{"minecraft:used":{"luminousworld:crab_spawn_egg":1,"undead_revamp2:thespitter_spawn_egg":2,"born_in_chaos_v1:door_knight_spawn_egg":1,"minecraft:sand":26,"alexsmobs:animal_dictionary":3},"minecraft:custom":{"minecraft:open_chest":3,"minecraft:time_since_rest":46608,"minecraft:crouch_one_cm":508,"minecraft:play_time":49695,"minecraft:sprint_one_cm":40418,"minecraft:walk_one_cm":12583,"minecraft:damage_taken":390,"minecraft:deaths":1,"minecraft:sneak_time":227,"minecraft:walk_under_water_one_cm":12997,"minecraft:drop":5,"minecraft:damage_dealt_resisted":114,"minecraft:jump":515,"minecraft:damage_dealt":25,"minecraft:leave_game":1,"minecraft:time_since_death":47329,"minecraft:walk_on_water_one_cm":2040,"minecraft:total_world_time":49695,"minecraft:swim_one_cm":3528,"minecraft:fall_one_cm":775,"minecraft:fly_one_cm":395742},"minecraft:killed_by":{"born_in_chaos_v1:door_knight":1},"minecraft:dropped":{"born_in_chaos_v1:door_knight_spawn_egg":1,"undead_revamp2:thespitter_spawn_egg":1,"luminousworld:crab_spawn_egg":1,"minecraft:sand":1,"creeperoverhaul:beach_creeper_spawn_egg":1}},"DataVersion":3465}