{"stats":{"minecraft:custom":{"minecraft:time_since_rest":78339,"minecraft:sprint_one_cm":19391,"minecraft:walk_one_cm":117962,"minecraft:interact_with_anvil":3,"minecraft:mob_kills":2,"minecraft:drop":6,"minecraft:damage_dealt":240,"minecraft:fly_one_cm":279077,"minecraft:crouch_one_cm":3268,"minecraft:play_time":88819,"minecraft:deaths":1,"minecraft:sneak_time":2117,"minecraft:walk_under_water_one_cm":362,"minecraft:jump":525,"minecraft:time_since_death":79967,"minecraft:leave_game":3,"minecraft:walk_on_water_one_cm":2200,"minecraft:total_world_time":88819},"minecraft:dropped":{"minecraft:dirt":37,"minecraft:cherry_planks":1},"minecraft:used":{"twilightforest:empty_canopy_bookshelf":5,"minecraft:dark_oak_planks":83,"quark:white_framed_glass":14,"minecraft:command_block":1,"minecraft:grass_block":63,"quark:cobblestone_bricks":1,"twilightforest:knightmetal_block":2,"supplementaries:netherite_door":1,"minecraft:spruce_planks":35,"minecraft:cherry_planks":273,"easy_npc:illusioner_spawn_egg":1,"minecraft:ender_chest":3,"quark:paper_lantern":9,"quark:paper_lantern_sakura":16,"luminousworld:tall_soul_torch":6,"undead_revamp2:chainsword":4,"minecraft:spruce_leaves":1,"minecraft:stick":1,"twilightforest:giant_sword":1,"minecraft:fire_charge":1,"minecraft:anvil":2,"minecraft:dirt":11,"quark:ancient_door":6,"minecraft:cherry_stairs":66,"quark:cherry_vertical_slab":151,"minecraft:white_bed":4,"supplementaries:candle_holder_white":6,"quark:vertical_oak_planks":22,"supplementaries:flag_light_gray":1,"easy_npc:chicken_spawn_egg":2,"quark:paper_wall":21},"minecraft:picked_up":{"born_in_chaos_v1:fused_bone":2,"minecraft:stick":27,"supplementaries:candle_holder_white":4,"minecraft:spruce_sapling":34,"minecraft:dirt":28,"minecraft:dark_oak_planks":1,"luminousworld:tall_soul_torch":1,"minecraft:spruce_planks":2,"quark:ancient_door":1,"supplementaries:ash":1},"minecraft:killed":{"friendsandfoes:glare":1,"alexsmobs:terrapin":1}},"DataVersion":3465}