{"stats":{"minecraft:used":{"minecraft:grass_block":332,"easy_npc:orc_spawn_egg":1,"fromtheshadows:thirst_for_blood":36,"cataclysm:coral_bardiche":3,"creeperoverhaul:tiny_cactus":4,"minecraft:sand":6,"minecraft:dirt":5,"minecraft:anvil":1,"easy_npc:humanoid_slim_spawn_egg":1,"minecraft:red_bed":1,"minecraft:lingering_potion":126,"easy_npc:humanoid_spawn_egg":2,"minecraft:splash_potion":39},"minecraft:killed":{"minecraft:skeleton":1,"mutantmonsters:mutant_skeleton":1,"minecraft:creeper":1},"minecraft:dropped":{"minecraft:dirt":3,"minecraft:grass_block":4},"minecraft:custom":{"minecraft:time_since_rest":24305,"minecraft:sprint_one_cm":11681,"minecraft:damage_taken":320,"minecraft:walk_one_cm":78460,"minecraft:interact_with_anvil":1,"minecraft:mob_kills":4,"minecraft:drop":7,"minecraft:damage_dealt":4194,"minecraft:fly_one_cm":156924,"minecraft:crouch_one_cm":1663,"minecraft:play_time":112851,"minecraft:deaths":1,"minecraft:sneak_time":751,"minecraft:walk_under_water_one_cm":351,"minecraft:aviate_one_cm":27706,"minecraft:jump":280,"minecraft:leave_game":4,"minecraft:time_since_death":23340,"minecraft:walk_on_water_one_cm":1339,"minecraft:total_world_time":112851,"minecraft:fall_one_cm":418},"minecraft:killed_by":{"minecraft:phantom":1},"minecraft:picked_up":{"mutantmonsters:mutant_skeleton_limb":7,"minecraft:dirt":2,"mutantmonsters:mutant_skeleton_pelvis":1,"mutantmonsters:mutant_skeleton_skull":1,"minecraft:arrow":2,"minecraft:bone":2,"minecraft:wheat_seeds":1,"mutantmonsters:mutant_skeleton_rib":5,"mutantmonsters:mutant_skeleton_shoulder_pad":2}},"DataVersion":3465}