{"stats":{"minecraft:custom":{"minecraft:time_since_rest":25673,"minecraft:play_time":36153,"minecraft:crouch_one_cm":2225,"minecraft:sprint_one_cm":9448,"minecraft:walk_one_cm":84372,"minecraft:deaths":1,"minecraft:sneak_time":1736,"minecraft:walk_under_water_one_cm":284,"minecraft:jump":366,"minecraft:leave_game":1,"minecraft:time_since_death":27301,"minecraft:walk_on_water_one_cm":1639,"minecraft:total_world_time":36153,"minecraft:fly_one_cm":228103},"minecraft:picked_up":{"born_in_chaos_v1:fused_bone":2,"luminousworld:tall_soul_torch":1,"minecraft:stick":27,"supplementaries:candle_holder_white":4,"quark:ancient_door":1,"minecraft:spruce_sapling":34,"supplementaries:ash":1},"minecraft:used":{"twilightforest:empty_canopy_bookshelf":5,"minecraft:dark_oak_planks":82,"minecraft:spruce_leaves":1,"minecraft:stick":1,"quark:white_framed_glass":14,"minecraft:fire_charge":1,"minecraft:dirt":1,"quark:ancient_door":6,"minecraft:cherry_stairs":66,"twilightforest:knightmetal_block":2,"quark:cobblestone_bricks":1,"minecraft:grass_block":63,"quark:cherry_vertical_slab":151,"supplementaries:netherite_door":1,"minecraft:white_bed":4,"minecraft:spruce_planks":33,"supplementaries:candle_holder_white":6,"minecraft:ender_chest":3,"minecraft:cherry_planks":272,"quark:vertical_oak_planks":22,"quark:paper_lantern_sakura":16,"quark:paper_lantern":9,"luminousworld:tall_soul_torch":6,"supplementaries:flag_light_gray":1,"quark:paper_wall":21}},"DataVersion":3465}