{"stats":{"minecraft:picked_up":{"minecraft:dirt":5},"minecraft:custom":{"minecraft:time_since_rest":4574,"minecraft:crouch_one_cm":794,"minecraft:play_time":4574,"minecraft:sprint_one_cm":6866,"minecraft:walk_one_cm":4342,"minecraft:sneak_time":267,"minecraft:drop":8,"minecraft:jump":117,"minecraft:leave_game":1,"minecraft:time_since_death":4574,"minecraft:total_world_time":4574,"minecraft:fall_one_cm":1221,"minecraft:fly_one_cm":79835},"minecraft:used":{"alexscaves:quarry_smasher":1,"minecraft:dirt":5,"minecraft:snow":5,"minecraft:snow_block":16,"minecraft:grass_block":22},"minecraft:dropped":{"minecraft:snow_block":1,"minecraft:snow":2,"minecraft:netherite_pickaxe":1,"alexsmobs:animal_dictionary":1,"minecraft:grass_block":2,"alexscaves:quarry_smasher":1},"minecraft:mined":{"minecraft:grass_block":5}},"DataVersion":3465}