{"stats":{"minecraft:used":{"luminousworld:crab_spawn_egg":1,"alexsmobs:animal_dictionary":1,"undead_revamp2:thespitter_spawn_egg":1,"minecraft:sand":26},"minecraft:custom":{"minecraft:jump":255,"minecraft:time_since_rest":37797,"minecraft:walk_on_water_one_cm":704,"minecraft:crouch_one_cm":508,"minecraft:deaths":1,"minecraft:sprint_one_cm":18625,"minecraft:play_time":40884,"minecraft:damage_taken":390,"minecraft:time_since_death":38518,"minecraft:walk_one_cm":8404,"minecraft:sneak_time":118,"minecraft:total_world_time":40884,"minecraft:drop":2,"minecraft:fall_one_cm":775,"minecraft:fly_one_cm":219106},"minecraft:killed_by":{"born_in_chaos_v1:door_knight":1},"minecraft:dropped":{"luminousworld:crab_spawn_egg":1,"minecraft:sand":1}},"DataVersion":3465}