{"stats":{"minecraft:used":{"cataclysm:obsidian_brick_slab":71,"minecraft:grass_block":374,"easy_npc:orc_spawn_egg":1,"fromtheshadows:thirst_for_blood":36,"cataclysm:coral_bardiche":3,"creeperoverhaul:tiny_cactus":4,"cataclysm:obsidian_explosion_trap_bricks":17,"cataclysm:obsidian_brick_wall":17,"minecraft:sand":8,"minecraft:dirt":5,"minecraft:anvil":1,"easy_npc:humanoid_slim_spawn_egg":1,"securitycraft:reinforced_magenta_stained_glass":7,"minecraft:red_bed":4,"cataclysm:chorus_planks":21,"blue_skies:dusk_door":2,"cataclysm:chiseled_obsidian_bricks":72,"minecraft:lingering_potion":126,"easy_npc:humanoid_spawn_egg":2,"minecraft:splash_potion":39,"cataclysm:void_lantern_block":16},"minecraft:killed":{"minecraft:skeleton":1,"mutantmonsters:mutant_skeleton":1,"minecraft:creeper":1},"minecraft:dropped":{"minecraft:dirt":3,"minecraft:sand":1,"minecraft:grass_block":5},"minecraft:custom":{"minecraft:time_since_rest":2119,"minecraft:sprint_one_cm":18307,"minecraft:damage_taken":320,"minecraft:walk_one_cm":104788,"minecraft:interact_with_anvil":1,"minecraft:mob_kills":4,"minecraft:drop":9,"minecraft:damage_dealt":4194,"minecraft:swim_one_cm":2133,"minecraft:fly_one_cm":279902,"minecraft:crouch_one_cm":3775,"minecraft:play_time":125767,"minecraft:deaths":2,"minecraft:sneak_time":1319,"minecraft:walk_under_water_one_cm":3583,"minecraft:aviate_one_cm":79012,"minecraft:jump":386,"minecraft:leave_game":5,"minecraft:time_since_death":2096,"minecraft:walk_on_water_one_cm":2959,"minecraft:total_world_time":125767,"minecraft:fall_one_cm":418},"minecraft:killed_by":{"minecraft:phantom":1},"minecraft:picked_up":{"mutantmonsters:mutant_skeleton_limb":7,"minecraft:dirt":2,"mutantmonsters:mutant_skeleton_pelvis":1,"mutantmonsters:mutant_skeleton_skull":1,"minecraft:arrow":2,"minecraft:bone":2,"minecraft:wheat_seeds":1,"mutantmonsters:mutant_skeleton_rib":5,"mutantmonsters:mutant_skeleton_shoulder_pad":2}},"DataVersion":3465}