{"stats":{"minecraft:used":{"minecraft:dirt":5,"minecraft:sand":6,"minecraft:anvil":1,"easy_npc:humanoid_slim_spawn_egg":1,"minecraft:red_bed":1,"minecraft:grass_block":332,"easy_npc:orc_spawn_egg":1,"fromtheshadows:thirst_for_blood":18,"cataclysm:coral_bardiche":3,"creeperoverhaul:tiny_cactus":1,"easy_npc:humanoid_spawn_egg":2},"minecraft:killed":{"minecraft:skeleton":1},"minecraft:dropped":{"minecraft:dirt":3,"minecraft:grass_block":4},"minecraft:custom":{"minecraft:time_since_rest":12305,"minecraft:crouch_one_cm":1659,"minecraft:sprint_one_cm":6076,"minecraft:play_time":100851,"minecraft:deaths":1,"minecraft:damage_taken":320,"minecraft:walk_one_cm":67943,"minecraft:sneak_time":731,"minecraft:mob_kills":2,"minecraft:interact_with_anvil":1,"minecraft:drop":7,"minecraft:jump":232,"minecraft:damage_dealt":2634,"minecraft:leave_game":4,"minecraft:walk_on_water_one_cm":905,"minecraft:time_since_death":11340,"minecraft:total_world_time":100851,"minecraft:fall_one_cm":418,"minecraft:fly_one_cm":119523},"minecraft:killed_by":{"minecraft:phantom":1},"minecraft:picked_up":{"minecraft:wheat_seeds":1,"minecraft:dirt":2}},"DataVersion":3465}