{"stats":{"minecraft:picked_up":{"minecraft:dark_oak_sapling":1},"minecraft:custom":{"minecraft:jump":291,"minecraft:time_since_rest":3506,"minecraft:walk_one_cm":1166,"minecraft:leave_game":2,"minecraft:play_time":5394,"minecraft:sprint_one_cm":30481,"minecraft:damage_taken":270,"minecraft:time_since_death":3482,"minecraft:deaths":1,"minecraft:total_world_time":5394,"minecraft:fall_one_cm":15795,"minecraft:fly_one_cm":74399},"minecraft:mined":{"minecraft:birch_leaves":1,"minecraft:dark_oak_leaves":4},"minecraft:used":{"minecraft:dark_oak_sapling":1}},"DataVersion":3465}