{"stats":{"minecraft:picked_up":{"minecraft:wheat_seeds":1,"minecraft:dirt":2},"minecraft:custom":{"minecraft:time_since_rest":9032,"minecraft:crouch_one_cm":1323,"minecraft:sprint_one_cm":5623,"minecraft:play_time":97578,"minecraft:deaths":1,"minecraft:damage_taken":320,"minecraft:walk_one_cm":62861,"minecraft:sneak_time":589,"minecraft:interact_with_anvil":1,"minecraft:drop":7,"minecraft:jump":229,"minecraft:damage_dealt":2634,"minecraft:leave_game":4,"minecraft:walk_on_water_one_cm":780,"minecraft:time_since_death":8067,"minecraft:total_world_time":97578,"minecraft:fall_one_cm":418,"minecraft:fly_one_cm":117451},"minecraft:dropped":{"minecraft:dirt":3,"minecraft:grass_block":4},"minecraft:used":{"minecraft:dirt":5,"minecraft:sand":6,"minecraft:anvil":1,"easy_npc:humanoid_slim_spawn_egg":1,"minecraft:red_bed":1,"minecraft:grass_block":332,"easy_npc:orc_spawn_egg":1,"fromtheshadows:thirst_for_blood":18,"cataclysm:coral_bardiche":3,"creeperoverhaul:tiny_cactus":1,"easy_npc:humanoid_spawn_egg":2},"minecraft:killed_by":{"minecraft:phantom":1}},"DataVersion":3465}