{"stats":{"minecraft:custom":{"minecraft:jump":36,"minecraft:time_since_rest":14654,"minecraft:leave_game":1,"minecraft:crouch_one_cm":44,"minecraft:sprint_one_cm":761,"minecraft:play_time":14654,"minecraft:damage_taken":10,"minecraft:time_since_death":14654,"minecraft:walk_one_cm":6954,"minecraft:sneak_time":106,"minecraft:total_world_time":14654,"minecraft:fall_one_cm":335,"minecraft:fly_one_cm":15835},"minecraft:used":{"minecraft:dark_oak_planks":1,"minecraft:dirt":18,"minecraft:grass_block":1,"minecraft:structure_block":5}},"DataVersion":3465}