{"stats":{"minecraft:custom":{"minecraft:jump":42,"minecraft:time_since_rest":16422,"minecraft:crouch_one_cm":44,"minecraft:leave_game":1,"minecraft:play_time":16422,"minecraft:sprint_one_cm":906,"minecraft:damage_taken":10,"minecraft:time_since_death":16422,"minecraft:walk_one_cm":7530,"minecraft:sneak_time":106,"minecraft:total_world_time":16422,"minecraft:fall_one_cm":335,"minecraft:fly_one_cm":16796},"minecraft:used":{"minecraft:dark_oak_planks":1,"minecraft:dirt":18,"minecraft:structure_block":5,"minecraft:grass_block":1}},"DataVersion":3465}