{"stats":{"minecraft:custom":{"minecraft:time_since_rest":4518,"minecraft:play_time":4518,"minecraft:crouch_one_cm":255,"minecraft:sprint_one_cm":12888,"minecraft:damage_taken":40,"minecraft:walk_one_cm":11458,"minecraft:sneak_time":75,"minecraft:drop":9,"minecraft:jump":75,"minecraft:leave_game":1,"minecraft:time_since_death":4518,"minecraft:total_world_time":4518,"minecraft:fall_one_cm":1802,"minecraft:fly_one_cm":8772},"minecraft:dropped":{"minecraft:dirt":27,"minecraft:spruce_planks":2,"minecraft:dark_oak_planks":1},"minecraft:used":{"minecraft:dirt":15},"minecraft:mined":{"minecraft:dark_oak_planks":1,"minecraft:grass_block":6,"minecraft:spruce_planks":2,"minecraft:dirt":5},"minecraft:picked_up":{"minecraft:dark_oak_planks":1,"minecraft:spruce_planks":2,"minecraft:dirt":42}},"DataVersion":3465}